ANIO;MES;UT;UBIGEOCG;NOMDEP;NOMPRO;NOMDIS;NOMCOM;UBIGEO_LOCAL;NOMDEPLOC;NOMPROLOC;NOMDISLOC;CCPP_LOCAL;NOM_CCPP;NOMLOC;SEXO;FECNACUSU;EDAD_USU
2023;12;UT AYACUCHO;50601;AYACUCHO;LUCANAS;PUQUIO;SEÑOR DE LA EXALTACION;50601;AYACUCHO;LUCANAS;PUQUIO;506010001;PUQUIO;PUQUIO;M;25/10/2021;26
2023;12;UT AYACUCHO;50601;AYACUCHO;LUCANAS;PUQUIO;SEÑOR DE LA EXALTACION;50601;AYACUCHO;LUCANAS;PUQUIO;506010001;PUQUIO;PUQUIO;M;23/02/2021;34
2023;12;UT CALLAO;150106;LIMA;LIMA;CARABAYLLO;SANTA ROSA DE LIMA;150106;LIMA;LIMA;CARABAYLLO;1501060001;CARABAYLLO;PSCNP_SANTA ROSA;M;8/12/2022;12
2023;12;UT AYACUCHO;50601;AYACUCHO;LUCANAS;PUQUIO;SEÑOR DE LA EXALTACION;50601;AYACUCHO;LUCANAS;PUQUIO;506010001;PUQUIO;PUQUIO;M;17/08/2021;28
2023;12;UT AYACUCHO;50601;AYACUCHO;LUCANAS;PUQUIO;SEÑOR DE LA EXALTACION;50601;AYACUCHO;LUCANAS;PUQUIO;506010001;PUQUIO;PUQUIO;M;6/03/2022;21
2023;12;UT AYACUCHO;50601;AYACUCHO;LUCANAS;PUQUIO;SEÑOR DE LA EXALTACION;50601;AYACUCHO;LUCANAS;PUQUIO;506010001;PUQUIO;PUQUIO;F;20/12/2021;24
2023;12;UT UCAYALI;250201;UCAYALI;ATALAYA;RAYMONDI;SEMILLITAS DE ATALAYA;250201;UCAYALI;ATALAYA;RAIMONDI;2502010001;ATALAYA;PSCNP_PASCUAL ALEGRE;F;26/06/2021;30
2023;12;UT AYACUCHO;50601;AYACUCHO;LUCANAS;PUQUIO;SEÑOR DE LA EXALTACION;50601;AYACUCHO;LUCANAS;PUQUIO;506010001;PUQUIO;PUQUIO;F;15/07/2022;17
2023;12;UT AREQUIPA;40401;AREQUIPA;CASTILLA;APLAO;VIRGENCITA DEL ROSARIO;40401;AREQUIPA;CASTILLA;APLAO;404010030;LA REAL;PSCNP_LOS CLAVELITOS;M;23/04/2022;20
2023;12;UT AYACUCHO;50601;AYACUCHO;LUCANAS;PUQUIO;SEÑOR DE LA EXALTACION;50601;AYACUCHO;LUCANAS;PUQUIO;506010001;PUQUIO;PUQUIO;M;2/06/2022;18
2023;12;UT AYACUCHO;50601;AYACUCHO;LUCANAS;PUQUIO;SEÑOR DE LA EXALTACION;50601;AYACUCHO;LUCANAS;PUQUIO;506010001;PUQUIO;PUQUIO;F;16/10/2022;14
2023;12;UT AYACUCHO;50601;AYACUCHO;LUCANAS;PUQUIO;SEÑOR DE LA EXALTACION;50601;AYACUCHO;LUCANAS;PUQUIO;506010001;PUQUIO;PUQUIO;F;14/12/2020;36
2023;12;UT AYACUCHO;50601;AYACUCHO;LUCANAS;PUQUIO;SEÑOR DE LA EXALTACION;50601;AYACUCHO;LUCANAS;PUQUIO;506010001;PUQUIO;PUQUIO;M;10/12/2020;36
2023;12;UT AYACUCHO;50601;AYACUCHO;LUCANAS;PUQUIO;SEÑOR DE LA EXALTACION;50601;AYACUCHO;LUCANAS;PUQUIO;506010001;PUQUIO;PUQUIO;M;9/01/2021;35
2023;12;UT AYACUCHO;50601;AYACUCHO;LUCANAS;PUQUIO;SEÑOR DE LA EXALTACION;50601;AYACUCHO;LUCANAS;PUQUIO;506010001;PUQUIO;PUQUIO;F;20/06/2021;30
2023;12;UT AYACUCHO;50601;AYACUCHO;LUCANAS;PUQUIO;SEÑOR DE LA EXALTACION;50601;AYACUCHO;LUCANAS;PUQUIO;506010001;PUQUIO;PUQUIO;M;5/02/2021;34
2023;12;UT AYACUCHO;50601;AYACUCHO;LUCANAS;PUQUIO;SEÑOR DE LA EXALTACION;50601;AYACUCHO;LUCANAS;PUQUIO;506010001;PUQUIO;PUQUIO;F;10/12/2020;36
2023;12;UT AYACUCHO;50601;AYACUCHO;LUCANAS;PUQUIO;SEÑOR DE LA EXALTACION;50601;AYACUCHO;LUCANAS;PUQUIO;506010001;PUQUIO;PUQUIO;M;15/08/2021;28
2023;12;UT AYACUCHO;50601;AYACUCHO;LUCANAS;PUQUIO;SEÑOR DE LA EXALTACION;50601;AYACUCHO;LUCANAS;PUQUIO;506010001;PUQUIO;PUQUIO;F;5/02/2021;34
2023;12;UT AYACUCHO;50601;AYACUCHO;LUCANAS;PUQUIO;SEÑOR DE LA EXALTACION;50601;AYACUCHO;LUCANAS;PUQUIO;506010001;PUQUIO;PUQUIO;M;22/07/2021;29
2023;12;UT AYACUCHO;50601;AYACUCHO;LUCANAS;PUQUIO;SEÑOR DE LA EXALTACION;50601;AYACUCHO;LUCANAS;PUQUIO;506010001;PUQUIO;PUQUIO;M;6/04/2021;32
2023;12;UT AYACUCHO;50601;AYACUCHO;LUCANAS;PUQUIO;SEÑOR DE LA EXALTACION;50601;AYACUCHO;LUCANAS;PUQUIO;506010001;PUQUIO;PUQUIO;F;20/02/2022;22
2023;12;UT AYACUCHO;50601;AYACUCHO;LUCANAS;PUQUIO;SEÑOR DE LA EXALTACION;50601;AYACUCHO;LUCANAS;PUQUIO;506010001;PUQUIO;PUQUIO;M;18/09/2021;27
2023;12;UT AYACUCHO;50701;AYACUCHO;PARINACOCHAS;CORACORA;VIRGEN DE LAS NIEVES DE CORACORA;50701;AYACUCHO;PARINACOCHAS;CORACORA;507010001;CORACORA;PSCNP_FILIBERTO GARCÍA CUELLAR;M;9/06/2021;30
2023;12;UT AYACUCHO;50701;AYACUCHO;PARINACOCHAS;CORACORA;VIRGEN DE LAS NIEVES DE CORACORA;50701;AYACUCHO;PARINACOCHAS;CORACORA;507010001;CORACORA;PSCNP_FILIBERTO GARCÍA CUELLAR;M;22/05/2021;31
2023;12;UT AYACUCHO;50701;AYACUCHO;PARINACOCHAS;CORACORA;VIRGEN DE LAS NIEVES DE CORACORA;50701;AYACUCHO;PARINACOCHAS;CORACORA;507010001;CORACORA;PSCNP_FILIBERTO GARCÍA CUELLAR;M;1/05/2021;31
2023;12;UT AYACUCHO;50701;AYACUCHO;PARINACOCHAS;CORACORA;VIRGEN DE LAS NIEVES DE CORACORA;50701;AYACUCHO;PARINACOCHAS;CORACORA;507010001;CORACORA;PSCNP_FILIBERTO GARCÍA CUELLAR;M;16/07/2021;29
2023;12;UT AYACUCHO;50701;AYACUCHO;PARINACOCHAS;CORACORA;VIRGEN DE LAS NIEVES DE CORACORA;50701;AYACUCHO;PARINACOCHAS;CORACORA;507010001;CORACORA;PSCNP_FILIBERTO GARCÍA CUELLAR;F;23/10/2021;26
2023;12;UT AYACUCHO;50701;AYACUCHO;PARINACOCHAS;CORACORA;VIRGEN DE LAS NIEVES DE CORACORA;50701;AYACUCHO;PARINACOCHAS;CORACORA;507010001;CORACORA;PSCNP_FILIBERTO GARCÍA CUELLAR;M;28/07/2021;29
2023;12;UT AYACUCHO;50701;AYACUCHO;PARINACOCHAS;CORACORA;VIRGEN DE LAS NIEVES DE CORACORA;50701;AYACUCHO;PARINACOCHAS;CORACORA;507010001;CORACORA;PSCNP_FILIBERTO GARCÍA CUELLAR;F;17/07/2021;29
2023;12;UT AYACUCHO;50701;AYACUCHO;PARINACOCHAS;CORACORA;VIRGEN DE LAS NIEVES DE CORACORA;50701;AYACUCHO;PARINACOCHAS;CORACORA;507010001;CORACORA;PSCNP_FILIBERTO GARCÍA CUELLAR;F;8/01/2023;11
2023;12;UT AYACUCHO;50701;AYACUCHO;PARINACOCHAS;CORACORA;VIRGEN DE LAS NIEVES DE CORACORA;50701;AYACUCHO;PARINACOCHAS;CORACORA;507010001;CORACORA;PSCNP_FILIBERTO GARCÍA CUELLAR;F;1/09/2021;27
2023;12;UT AYACUCHO;51001;AYACUCHO;VICTOR FAJARDO;HUANCAPI;VIRGEN ASUNCION DE HUANCAPI;51001;AYACUCHO;VICTOR FAJARDO;HUANCAPI;510010001;HUANCAPI;CIAI;M;27/08/2022;16
2023;12;UT AYACUCHO;51001;AYACUCHO;VICTOR FAJARDO;HUANCAPI;VIRGEN ASUNCION DE HUANCAPI;51001;AYACUCHO;VICTOR FAJARDO;HUANCAPI;510010001;HUANCAPI;CIAI;F;4/06/2023;6
2023;12;UT AYACUCHO;51001;AYACUCHO;VICTOR FAJARDO;HUANCAPI;VIRGEN ASUNCION DE HUANCAPI;51001;AYACUCHO;VICTOR FAJARDO;HUANCAPI;510010001;HUANCAPI;CIAI;M;20/02/2023;10
2023;12;UT AYACUCHO;51001;AYACUCHO;VICTOR FAJARDO;HUANCAPI;VIRGEN ASUNCION DE HUANCAPI;51001;AYACUCHO;VICTOR FAJARDO;HUANCAPI;510010001;HUANCAPI;CIAI;M;10/08/2022;16
2023;12;UT AYACUCHO;51010;AYACUCHO;VICTOR FAJARDO;HUAYA;SAN MIGUEL DE HUALLA;51010;AYACUCHO;VICTOR FAJARDO;HUALLA;510100001;SAN PEDRO DE HUALLA;LOCAL COMUNAL SAN PABLO;F;12/06/2021;30
2023;12;UT AYACUCHO;51010;AYACUCHO;VICTOR FAJARDO;HUAYA;SAN MIGUEL DE HUALLA;51010;AYACUCHO;VICTOR FAJARDO;HUALLA;510100001;SAN PEDRO DE HUALLA;LOCAL COMUNAL SAN PABLO;M;2/02/2021;34
2023;12;UT AYACUCHO;51010;AYACUCHO;VICTOR FAJARDO;HUAYA;SAN MIGUEL DE HUALLA;51010;AYACUCHO;VICTOR FAJARDO;HUALLA;510100001;SAN PEDRO DE HUALLA;LOCAL COMUNAL SAN PABLO;M;7/03/2021;33
2023;12;UT AYACUCHO;51010;AYACUCHO;VICTOR FAJARDO;HUAYA;SAN MIGUEL DE HUALLA;51010;AYACUCHO;VICTOR FAJARDO;HUALLA;510100001;SAN PEDRO DE HUALLA;LOCAL COMUNAL SAN PABLO;M;12/05/2021;31
2023;12;UT AYACUCHO;51010;AYACUCHO;VICTOR FAJARDO;HUAYA;SAN MIGUEL DE HUALLA;51010;AYACUCHO;VICTOR FAJARDO;HUALLA;510100001;SAN PEDRO DE HUALLA;LOCAL COMUNAL SAN PABLO;M;9/08/2021;28
2023;12;UT AYACUCHO;51010;AYACUCHO;VICTOR FAJARDO;HUAYA;SAN MIGUEL DE HUALLA;51010;AYACUCHO;VICTOR FAJARDO;HUALLA;510100001;SAN PEDRO DE HUALLA;LOCAL COMUNAL SAN PABLO;M;12/12/2021;24
2023;12;UT AYACUCHO;51010;AYACUCHO;VICTOR FAJARDO;HUAYA;SAN MIGUEL DE HUALLA;51010;AYACUCHO;VICTOR FAJARDO;HUALLA;510100001;SAN PEDRO DE HUALLA;LOCAL COMUNAL SAN PABLO;F;24/09/2021;27
2023;12;UT AYACUCHO;51010;AYACUCHO;VICTOR FAJARDO;HUAYA;SAN MIGUEL DE HUALLA;51010;AYACUCHO;VICTOR FAJARDO;HUALLA;510100001;SAN PEDRO DE HUALLA;LOCAL COMUNAL SAN PABLO;M;13/03/2021;33
2023;12;UT AYACUCHO;51010;AYACUCHO;VICTOR FAJARDO;HUAYA;SAN MIGUEL DE HUALLA;51010;AYACUCHO;VICTOR FAJARDO;HUALLA;510100001;SAN PEDRO DE HUALLA;LOCAL COMUNAL SAN PABLO;M;22/10/2021;26
2023;12;UT AYACUCHO;51010;AYACUCHO;VICTOR FAJARDO;HUAYA;SAN MIGUEL DE HUALLA;51010;AYACUCHO;VICTOR FAJARDO;HUALLA;510100001;SAN PEDRO DE HUALLA;LOCAL COMUNAL SAN PABLO II;M;9/05/2022;19
2023;12;UT AYACUCHO;51010;AYACUCHO;VICTOR FAJARDO;HUAYA;SAN MIGUEL DE HUALLA;51010;AYACUCHO;VICTOR FAJARDO;HUALLA;510100001;SAN PEDRO DE HUALLA;LOCAL COMUNAL SAN PABLO II;M;25/11/2022;13
2023;12;UT AYACUCHO;51010;AYACUCHO;VICTOR FAJARDO;HUAYA;SAN MIGUEL DE HUALLA;51010;AYACUCHO;VICTOR FAJARDO;HUALLA;510100001;SAN PEDRO DE HUALLA;LOCAL COMUNAL SAN PABLO II;M;8/12/2022;12
2023;12;UT AYACUCHO;51010;AYACUCHO;VICTOR FAJARDO;HUAYA;SAN MIGUEL DE HUALLA;51010;AYACUCHO;VICTOR FAJARDO;HUALLA;510100001;SAN PEDRO DE HUALLA;LOCAL COMUNAL SAN PABLO II;M;12/12/2020;36
2023;12;UT AYACUCHO;51010;AYACUCHO;VICTOR FAJARDO;HUAYA;SAN MIGUEL DE HUALLA;51010;AYACUCHO;VICTOR FAJARDO;HUALLA;510100001;SAN PEDRO DE HUALLA;LOCAL COMUNAL SAN PABLO II;M;24/10/2021;26
2023;12;UT AYACUCHO;51010;AYACUCHO;VICTOR FAJARDO;HUAYA;SAN MIGUEL DE HUALLA;51010;AYACUCHO;VICTOR FAJARDO;HUALLA;510100001;SAN PEDRO DE HUALLA;LOCAL COMUNAL SAN PABLO II;F;30/05/2021;31
2023;12;UT AYACUCHO;51010;AYACUCHO;VICTOR FAJARDO;HUAYA;SAN MIGUEL DE HUALLA;51010;AYACUCHO;VICTOR FAJARDO;HUALLA;510100001;SAN PEDRO DE HUALLA;LOCAL COMUNAL SAN PABLO II;M;25/03/2022;21
2023;12;UT CAJAMARCA;60101;CAJAMARCA;CAJAMARCA;CAJAMARCA;HUAMBOCANCHA ALTA;60101;CAJAMARCA;CAJAMARCA;CAJAMARCA;601010051;HUAMBOCANCHA CHICA;HUAMBOCANCHA CHICA;M;20/12/2022;12
2023;12;UT CAJAMARCA;60101;CAJAMARCA;CAJAMARCA;CAJAMARCA;HUAMBOCANCHA ALTA;60101;CAJAMARCA;CAJAMARCA;CAJAMARCA;601010051;HUAMBOCANCHA CHICA;HUAMBOCANCHA CHICA;F;12/08/2021;28
2023;12;UT CAJAMARCA;60101;CAJAMARCA;CAJAMARCA;CAJAMARCA;HUAMBOCANCHA ALTA;60101;CAJAMARCA;CAJAMARCA;CAJAMARCA;601010051;HUAMBOCANCHA CHICA;HUAMBOCANCHA CHICA;F;22/10/2021;26
2023;12;UT CAJAMARCA;60101;CAJAMARCA;CAJAMARCA;CAJAMARCA;HUAMBOCANCHA ALTA;60101;CAJAMARCA;CAJAMARCA;CAJAMARCA;601010051;HUAMBOCANCHA CHICA;HUAMBOCANCHA CHICA;M;15/06/2021;30
2023;12;UT CAJAMARCA;60101;CAJAMARCA;CAJAMARCA;CAJAMARCA;HUAMBOCANCHA ALTA;60101;CAJAMARCA;CAJAMARCA;CAJAMARCA;601010051;HUAMBOCANCHA CHICA;HUAMBOCANCHA CHICA;M;24/01/2021;35
2023;12;UT CAJAMARCA;60101;CAJAMARCA;CAJAMARCA;CAJAMARCA;HUAMBOCANCHA ALTA;60101;CAJAMARCA;CAJAMARCA;CAJAMARCA;601010051;HUAMBOCANCHA CHICA;HUAMBOCANCHA CHICA;F;24/04/2022;20
2023;12;UT CAJAMARCA;60101;CAJAMARCA;CAJAMARCA;CAJAMARCA;HUAMBOCANCHA ALTA;60101;CAJAMARCA;CAJAMARCA;CAJAMARCA;601010051;HUAMBOCANCHA CHICA;HUAMBOCANCHA CHICA;M;11/01/2021;35
2023;12;UT CAJAMARCA;60101;CAJAMARCA;CAJAMARCA;CAJAMARCA;HUAMBOCANCHA ALTA;60101;CAJAMARCA;CAJAMARCA;CAJAMARCA;601010051;HUAMBOCANCHA CHICA;HUAMBOCANCHA CHICA;F;10/09/2021;27
2023;12;UT CAJAMARCA;60101;CAJAMARCA;CAJAMARCA;CAJAMARCA;HUAMBOCANCHA ALTA;60101;CAJAMARCA;CAJAMARCA;CAJAMARCA;601010051;HUAMBOCANCHA CHICA;HUAMBOCANCHA CHICA;F;14/07/2021;29
2023;12;UT CAJAMARCA;60101;CAJAMARCA;CAJAMARCA;CAJAMARCA;HUAMBOCANCHA ALTA;60101;CAJAMARCA;CAJAMARCA;CAJAMARCA;601010051;HUAMBOCANCHA CHICA;HUAMBOCANCHA CHICA;F;21/03/2022;21
2023;12;UT CAJAMARCA;60101;CAJAMARCA;CAJAMARCA;CAJAMARCA;HUAMBOCANCHA ALTA;60101;CAJAMARCA;CAJAMARCA;CAJAMARCA;601010051;HUAMBOCANCHA CHICA;HUAMBOCANCHA CHICA;M;25/12/2020;36
2023;12;UT CAJAMARCA;60101;CAJAMARCA;CAJAMARCA;CAJAMARCA;HUAMBOCANCHA ALTA;60101;CAJAMARCA;CAJAMARCA;CAJAMARCA;601010051;HUAMBOCANCHA CHICA;HUAMBOCANCHA CHICA;M;16/02/2021;34
2023;12;UT CAJAMARCA;60101;CAJAMARCA;CAJAMARCA;CAJAMARCA;HUAMBOCANCHA ALTA;60101;CAJAMARCA;CAJAMARCA;CAJAMARCA;601010051;HUAMBOCANCHA CHICA;HUAMBOCANCHA CHICA;F;10/05/2021;31
2023;12;UT CAJAMARCA;60101;CAJAMARCA;CAJAMARCA;CAJAMARCA;HUAMBOCANCHA ALTA;60101;CAJAMARCA;CAJAMARCA;CAJAMARCA;601010051;HUAMBOCANCHA CHICA;HUAMBOCANCHA CHICA;F;8/05/2022;19
2023;12;UT CAJAMARCA;60101;CAJAMARCA;CAJAMARCA;CAJAMARCA;HUAMBOCANCHA ALTA;60101;CAJAMARCA;CAJAMARCA;CAJAMARCA;601010051;HUAMBOCANCHA CHICA;HUAMBOCANCHA CHICA;F;13/05/2021;31
2023;12;UT CAJAMARCA;60101;CAJAMARCA;CAJAMARCA;CAJAMARCA;HUAMBOCANCHA ALTA;60101;CAJAMARCA;CAJAMARCA;CAJAMARCA;601010051;HUAMBOCANCHA CHICA;HUAMBOCANCHA CHICA;M;9/07/2021;29
2023;12;UT CAJAMARCA;60101;CAJAMARCA;CAJAMARCA;CAJAMARCA;HUAMBOCANCHA ALTA;60101;CAJAMARCA;CAJAMARCA;CAJAMARCA;601010050;HUAMBOCANCHA ALTA;PSCNP_SONRICITAS;F;5/03/2021;33
2023;12;UT CAJAMARCA;60101;CAJAMARCA;CAJAMARCA;CAJAMARCA;HUAMBOCANCHA ALTA;60101;CAJAMARCA;CAJAMARCA;CAJAMARCA;601010050;HUAMBOCANCHA ALTA;PSCNP_SONRICITAS;M;30/01/2021;35
2023;12;UT CAJAMARCA;60101;CAJAMARCA;CAJAMARCA;CAJAMARCA;HUAMBOCANCHA ALTA;60101;CAJAMARCA;CAJAMARCA;CAJAMARCA;601010050;HUAMBOCANCHA ALTA;PSCNP_SONRICITAS;M;16/11/2021;25
2023;12;UT CAJAMARCA;60101;CAJAMARCA;CAJAMARCA;CAJAMARCA;HUAMBOCANCHA ALTA;60101;CAJAMARCA;CAJAMARCA;CAJAMARCA;601010050;HUAMBOCANCHA ALTA;PSCNP_SONRICITAS;M;30/04/2021;32
2023;12;UT CAJAMARCA;60101;CAJAMARCA;CAJAMARCA;CAJAMARCA;HUAMBOCANCHA ALTA;60101;CAJAMARCA;CAJAMARCA;CAJAMARCA;601010050;HUAMBOCANCHA ALTA;PSCNP_SONRICITAS;M;26/09/2021;27
2023;12;UT CAJAMARCA;60101;CAJAMARCA;CAJAMARCA;CAJAMARCA;LAS FLORES;60101;CAJAMARCA;CAJAMARCA;CAJAMARCA;601010001;CAJAMARCA;CRECIENDO CON AMOR;M;19/06/2022;18
2023;12;UT CAJAMARCA;60101;CAJAMARCA;CAJAMARCA;CAJAMARCA;LAS FLORES;60101;CAJAMARCA;CAJAMARCA;CAJAMARCA;601010001;CAJAMARCA;CRECIENDO CON AMOR;M;5/11/2022;13
2023;12;UT CAJAMARCA;60101;CAJAMARCA;CAJAMARCA;CAJAMARCA;LAS FLORES;60101;CAJAMARCA;CAJAMARCA;CAJAMARCA;601010001;CAJAMARCA;CRECIENDO CON AMOR;M;28/09/2022;15
2023;12;UT CAJAMARCA;60101;CAJAMARCA;CAJAMARCA;CAJAMARCA;LAS FLORES;60101;CAJAMARCA;CAJAMARCA;CAJAMARCA;601010001;CAJAMARCA;CRECIENDO CON AMOR;M;5/06/2022;18
2023;12;UT CAJAMARCA;60101;CAJAMARCA;CAJAMARCA;CAJAMARCA;LAS FLORES;60101;CAJAMARCA;CAJAMARCA;CAJAMARCA;601010001;CAJAMARCA;CRECIENDO CON AMOR;M;10/07/2022;17
2023;12;UT CAJAMARCA;60101;CAJAMARCA;CAJAMARCA;CAJAMARCA;LAS FLORES;60101;CAJAMARCA;CAJAMARCA;CAJAMARCA;601010001;CAJAMARCA;CRECIENDO CON AMOR;F;19/06/2022;18
2023;12;UT CAJAMARCA;60101;CAJAMARCA;CAJAMARCA;CAJAMARCA;LAS FLORES;60101;CAJAMARCA;CAJAMARCA;CAJAMARCA;601010001;CAJAMARCA;CRECIENDO CON AMOR;F;24/07/2022;17
2023;12;UT CAJAMARCA;60101;CAJAMARCA;CAJAMARCA;CAJAMARCA;LAS FLORES;60101;CAJAMARCA;CAJAMARCA;CAJAMARCA;601010001;CAJAMARCA;CRECIENDO CON AMOR;M;14/12/2022;12
2023;12;UT AYACUCHO;50601;AYACUCHO;LUCANAS;PUQUIO;SEÑOR DE LA EXALTACION;50601;AYACUCHO;LUCANAS;PUQUIO;506010001;PUQUIO;PUQUIO;M;16/06/2021;30
2023;12;UT VRAEM;50509;AYACUCHO;LA MAR;SAMUGARI;SAMUGARI;50509;AYACUCHO;LA MAR;SAMUGARI;505090001;PALMAPAMPA;TRP_SAMUGARI;M;20/09/2022;15
2023;12;UT VRAEM;50509;AYACUCHO;LA MAR;SAMUGARI;SAMUGARI;50509;AYACUCHO;LA MAR;SAMUGARI;505090001;PALMAPAMPA;TRP_SAMUGARI;M;20/04/2022;20
2023;12;UT AYACUCHO;50701;AYACUCHO;PARINACOCHAS;CORACORA;VIRGEN DE LAS NIEVES DE CORACORA;50701;AYACUCHO;PARINACOCHAS;CORACORA;507010001;CORACORA;PSCNP_FILIBERTO GARCÍA CUELLAR;M;2/07/2021;29
2023;12;UT CAJAMARCA;60101;CAJAMARCA;CAJAMARCA;CAJAMARCA;LAS FLORES;60101;CAJAMARCA;CAJAMARCA;CAJAMARCA;601010001;CAJAMARCA;LOS GIRASOLES;M;10/10/2021;26
2023;12;UT CAJAMARCA;60101;CAJAMARCA;CAJAMARCA;CAJAMARCA;LAS FLORES;60101;CAJAMARCA;CAJAMARCA;CAJAMARCA;601010001;CAJAMARCA;LOS GIRASOLES;F;4/01/2021;35
2023;12;UT AYACUCHO;50701;AYACUCHO;PARINACOCHAS;CORACORA;VIRGEN DE LAS NIEVES DE CORACORA;50701;AYACUCHO;PARINACOCHAS;CORACORA;507010001;CORACORA;PSCNP_VISTA ALEGRE;M;12/04/2021;32
2023;12;UT CAJAMARCA;60101;CAJAMARCA;CAJAMARCA;CAJAMARCA;CALISPUQUIO I;60101;CAJAMARCA;CAJAMARCA;CAJAMARCA;601010001;CAJAMARCA;PSCNP_LAS ABEJITAS;F;28/11/2021;25
2023;12;UT AYACUCHO;50601;AYACUCHO;LUCANAS;PUQUIO;VISTA ALEGRE DE PUQUIO;50601;AYACUCHO;LUCANAS;PUQUIO;506010001;PUQUIO;PSCNP_LAS FLORECILLAS;F;2/03/2023;9
2023;12;UT AYACUCHO;50601;AYACUCHO;LUCANAS;PUQUIO;VISTA ALEGRE DE PUQUIO;50601;AYACUCHO;LUCANAS;PUQUIO;506010001;PUQUIO;PSCNP_LAS FLORECILLAS;M;13/08/2021;28
2023;12;UT AYACUCHO;50601;AYACUCHO;LUCANAS;PUQUIO;VISTA ALEGRE DE PUQUIO;50601;AYACUCHO;LUCANAS;PUQUIO;506010001;PUQUIO;LOS CAPULLITOS;F;25/08/2021;28
2023;12;UT LIMA METROPOLITANA;150103;LIMA;LIMA;ATE;EL SALVADOR;150103;LIMA;LIMA;ATE;1501030001;VITARTE;PSCNP_MIS ANGELITOS;M;3/12/2020;36
2023;12;UT LIMA METROPOLITANA;150103;LIMA;LIMA;ATE;SANTA ROSA DE LIMA;150103;LIMA;LIMA;ATE;1501030001;VITARTE;PSCNP_MIS PRIMEROS PASITOS;F;10/05/2022;19
2023;12;UT AYACUCHO;50601;AYACUCHO;LUCANAS;PUQUIO;SEÑOR DE LA EXALTACION;50601;AYACUCHO;LUCANAS;PUQUIO;506010001;PUQUIO;PUQUIO;F;20/06/2021;30
2023;12;UT AYACUCHO;50601;AYACUCHO;LUCANAS;PUQUIO;SEÑOR DE LA EXALTACION;50601;AYACUCHO;LUCANAS;PUQUIO;506010001;PUQUIO;PUQUIO;M;19/04/2021;32
2023;12;UT AYACUCHO;50601;AYACUCHO;LUCANAS;PUQUIO;SEÑOR DE LA EXALTACION;50601;AYACUCHO;LUCANAS;PUQUIO;506010001;PUQUIO;PUQUIO;M;6/03/2022;21
2023;12;UT AYACUCHO;50601;AYACUCHO;LUCANAS;PUQUIO;SEÑOR DE LA EXALTACION;50601;AYACUCHO;LUCANAS;PUQUIO;506010001;PUQUIO;PUQUIO;M;19/12/2020;36
2023;12;UT VRAEM;50509;AYACUCHO;LA MAR;SAMUGARI;SAMUGARI;50509;AYACUCHO;LA MAR;SAMUGARI;505090001;PALMAPAMPA;TRP_SAMUGARI;M;15/09/2021;27
2023;12;UT AYACUCHO;50601;AYACUCHO;LUCANAS;PUQUIO;VISTA ALEGRE DE PUQUIO;50601;AYACUCHO;LUCANAS;PUQUIO;506010001;PUQUIO;LOS CAPULLITOS;M;5/12/2021;24
2023;12;UT AYACUCHO;50701;AYACUCHO;PARINACOCHAS;CORACORA;VIRGEN DE LAS NIEVES DE CORACORA;50701;AYACUCHO;PARINACOCHAS;CORACORA;507010001;CORACORA;PSCNP_FILIBERTO GARCÍA CUELLAR;M;13/12/2022;12
2023;12;UT AYACUCHO;50701;AYACUCHO;PARINACOCHAS;CORACORA;VIRGEN DE LAS NIEVES DE CORACORA;50701;AYACUCHO;PARINACOCHAS;CORACORA;507010001;CORACORA;PSCNP_FILIBERTO GARCÍA CUELLAR;M;23/01/2021;35
2023;12;UT AYACUCHO;50601;AYACUCHO;LUCANAS;PUQUIO;SEÑOR DE LA EXALTACION;50601;AYACUCHO;LUCANAS;PUQUIO;506010001;PUQUIO;PUQUIO;F;22/01/2021;35
2023;12;UT AYACUCHO;50601;AYACUCHO;LUCANAS;PUQUIO;SEÑOR DE LA EXALTACION;50601;AYACUCHO;LUCANAS;PUQUIO;506010001;PUQUIO;PUQUIO;F;16/09/2021;27
2023;12;UT AYACUCHO;50601;AYACUCHO;LUCANAS;PUQUIO;VISTA ALEGRE DE PUQUIO;50601;AYACUCHO;LUCANAS;PUQUIO;506010001;PUQUIO;PSCNP_LOS ANGELITOS DE DIOS;F;14/03/2022;21
2023;12;UT AYACUCHO;50601;AYACUCHO;LUCANAS;PUQUIO;VISTA ALEGRE DE PUQUIO;50601;AYACUCHO;LUCANAS;PUQUIO;506010001;PUQUIO;PSCNP_LOS ANGELITOS DE DIOS;F;29/04/2022;20
2023;12;UT AYACUCHO;50601;AYACUCHO;LUCANAS;PUQUIO;VISTA ALEGRE DE PUQUIO;50601;AYACUCHO;LUCANAS;PUQUIO;506010001;PUQUIO;PSCNP_LOS PUQUIANITOS;F;17/05/2021;31
2023;12;UT AYACUCHO;50601;AYACUCHO;LUCANAS;PUQUIO;VISTA ALEGRE DE PUQUIO;50601;AYACUCHO;LUCANAS;PUQUIO;506010001;PUQUIO;PSCNP_LOS PUQUIANITOS;M;18/02/2021;34
2023;12;UT AYACUCHO;50601;AYACUCHO;LUCANAS;PUQUIO;VISTA ALEGRE DE PUQUIO;50601;AYACUCHO;LUCANAS;PUQUIO;506010001;PUQUIO;PSCNP_LOS PUQUIANITOS;M;24/04/2022;20
2023;12;UT AYACUCHO;50601;AYACUCHO;LUCANAS;PUQUIO;VISTA ALEGRE DE PUQUIO;50601;AYACUCHO;LUCANAS;PUQUIO;506010001;PUQUIO;PSCNP_LOS PUQUIANITOS;M;27/05/2023;7
2023;12;UT AYACUCHO;50601;AYACUCHO;LUCANAS;PUQUIO;VISTA ALEGRE DE PUQUIO;50601;AYACUCHO;LUCANAS;PUQUIO;506010001;PUQUIO;PSCNP_LOS PUQUIANITOS;M;24/03/2021;33
2023;12;UT AYACUCHO;50601;AYACUCHO;LUCANAS;PUQUIO;VISTA ALEGRE DE PUQUIO;50601;AYACUCHO;LUCANAS;PUQUIO;506010001;PUQUIO;PSCNP_LOS PUQUIANITOS;F;7/05/2021;31
2023;12;UT AYACUCHO;50601;AYACUCHO;LUCANAS;PUQUIO;VISTA ALEGRE DE PUQUIO;50601;AYACUCHO;LUCANAS;PUQUIO;506010001;PUQUIO;PSCNP_LOS PUQUIANITOS;M;23/08/2021;28
2023;12;UT AYACUCHO;50601;AYACUCHO;LUCANAS;PUQUIO;VISTA ALEGRE DE PUQUIO;50601;AYACUCHO;LUCANAS;PUQUIO;506010001;PUQUIO;PSCNP_LOS PUQUIANITOS;M;25/01/2021;35
2023;12;UT AYACUCHO;50601;AYACUCHO;LUCANAS;PUQUIO;VISTA ALEGRE DE PUQUIO;50601;AYACUCHO;LUCANAS;PUQUIO;506010001;PUQUIO;PSCNP_LOS PUQUIANITOS;F;17/05/2021;31
2023;12;UT AYACUCHO;50601;AYACUCHO;LUCANAS;PUQUIO;VISTA ALEGRE DE PUQUIO;50601;AYACUCHO;LUCANAS;PUQUIO;506010001;PUQUIO;PSCNP_LOS PUQUIANITOS;F;13/05/2021;31
2023;12;UT AYACUCHO;50601;AYACUCHO;LUCANAS;PUQUIO;VISTA ALEGRE DE PUQUIO;50601;AYACUCHO;LUCANAS;PUQUIO;506010001;PUQUIO;PSCNP_LOS PUQUIANITOS;F;1/09/2021;27
2023;12;UT AYACUCHO;50601;AYACUCHO;LUCANAS;PUQUIO;VISTA ALEGRE DE PUQUIO;50601;AYACUCHO;LUCANAS;PUQUIO;506010001;PUQUIO;PSCNP_LOS PUQUIANITOS;F;18/08/2021;28
2023;12;UT AYACUCHO;50601;AYACUCHO;LUCANAS;PUQUIO;VISTA ALEGRE DE PUQUIO;50601;AYACUCHO;LUCANAS;PUQUIO;506010001;PUQUIO;PSCNP_LOS PUQUIANITOS;M;9/12/2022;12
2023;12;UT AYACUCHO;50601;AYACUCHO;LUCANAS;PUQUIO;VISTA ALEGRE DE PUQUIO;50601;AYACUCHO;LUCANAS;PUQUIO;506010001;PUQUIO;PSCNP_LOS PUQUIANITOS;F;8/09/2022;15
2023;12;UT AYACUCHO;50601;AYACUCHO;LUCANAS;PUQUIO;VISTA ALEGRE DE PUQUIO;50601;AYACUCHO;LUCANAS;PUQUIO;506010001;PUQUIO;PSCNP_LOS PUQUIANITOS;F;16/02/2022;22
2023;12;UT AYACUCHO;50601;AYACUCHO;LUCANAS;PUQUIO;SEÑOR DE LA EXALTACION;50601;AYACUCHO;LUCANAS;PUQUIO;506010001;PUQUIO;PUQUIO;M;4/05/2021;31
2023;12;UT AYACUCHO;50601;AYACUCHO;LUCANAS;PUQUIO;SEÑOR DE LA EXALTACION;50601;AYACUCHO;LUCANAS;PUQUIO;506010001;PUQUIO;PUQUIO;F;11/05/2022;19
2023;12;UT AYACUCHO;50601;AYACUCHO;LUCANAS;PUQUIO;SEÑOR DE LA EXALTACION;50601;AYACUCHO;LUCANAS;PUQUIO;506010001;PUQUIO;PUQUIO;M;3/02/2021;34
2023;12;UT LIMA PROVINCIA;150803;LIMA;HUAURA;CALETA DE CARQUIN;VIRGEN DEL CARMEN;150805;LIMA;HUAURA;HUALMAY;1508050001;HUALMAY;PSCNP_BABY CENTER HUALMAY;M;7/07/2021;29
2023;12;UT AYACUCHO;50601;AYACUCHO;LUCANAS;PUQUIO;SEÑOR DE LA EXALTACION;50601;AYACUCHO;LUCANAS;PUQUIO;506010001;PUQUIO;PUQUIO;F;10/05/2021;31
2023;12;UT AYACUCHO;50601;AYACUCHO;LUCANAS;PUQUIO;SEÑOR DE LA EXALTACION;50601;AYACUCHO;LUCANAS;PUQUIO;506010001;PUQUIO;PUQUIO;F;28/05/2021;31
2023;12;UT AYACUCHO;50601;AYACUCHO;LUCANAS;PUQUIO;SEÑOR DE LA EXALTACION;50601;AYACUCHO;LUCANAS;PUQUIO;506010001;PUQUIO;PUQUIO;F;7/03/2022;21
2023;12;UT LIMA PROVINCIA;150806;LIMA;HUAURA;HUAURA;15  DE JUNIO;150806;LIMA;HUAURA;HUAURA;1508060001;HUAURA;PSCNP_SAN MARTIN DE PORRES;F;9/04/2023;8
2023;12;UT AYACUCHO;50601;AYACUCHO;LUCANAS;PUQUIO;SEÑOR DE LA EXALTACION;50601;AYACUCHO;LUCANAS;PUQUIO;506010001;PUQUIO;PUQUIO;M;4/08/2021;28
2023;12;UT AYACUCHO;50601;AYACUCHO;LUCANAS;PUQUIO;SEÑOR DE LA EXALTACION;50601;AYACUCHO;LUCANAS;PUQUIO;506010001;PUQUIO;PUQUIO;M;26/02/2021;34
2023;12;UT AYACUCHO;50601;AYACUCHO;LUCANAS;PUQUIO;SEÑOR DE LA EXALTACION;50601;AYACUCHO;LUCANAS;PUQUIO;506010001;PUQUIO;PUQUIO;M;26/01/2022;23
2023;12;UT LORETO;160112;LORETO;MAYNAS;BELEN;SANTA ELENA;160112;LORETO;MAYNAS;BELEN;1601120001;BELEN;PSCNP_27 DE DICIEMBRE;M;8/08/2022;16
2023;12;UT AYACUCHO;50601;AYACUCHO;LUCANAS;PUQUIO;SEÑOR DE LA EXALTACION;50601;AYACUCHO;LUCANAS;PUQUIO;506010001;PUQUIO;PUQUIO;M;26/01/2022;23
2023;12;UT AYACUCHO;50601;AYACUCHO;LUCANAS;PUQUIO;SEÑOR DE LA EXALTACION;50601;AYACUCHO;LUCANAS;PUQUIO;506010001;PUQUIO;PUQUIO;F;25/03/2021;33
2023;12;UT AYACUCHO;50601;AYACUCHO;LUCANAS;PUQUIO;SEÑOR DE LA EXALTACION;50601;AYACUCHO;LUCANAS;PUQUIO;506010001;PUQUIO;PUQUIO;F;21/08/2021;28
2023;12;UT AYACUCHO;50601;AYACUCHO;LUCANAS;PUQUIO;SEÑOR DE LA EXALTACION;50601;AYACUCHO;LUCANAS;PUQUIO;506010001;PUQUIO;PUQUIO;M;16/01/2021;35
2023;12;UT AYACUCHO;50601;AYACUCHO;LUCANAS;PUQUIO;SEÑOR DE LA EXALTACION;50601;AYACUCHO;LUCANAS;PUQUIO;506010001;PUQUIO;PUQUIO;F;29/11/2021;25
2023;12;UT AYACUCHO;50701;AYACUCHO;PARINACOCHAS;CORACORA;VIRGEN DE LAS NIEVES DE CORACORA;50701;AYACUCHO;PARINACOCHAS;CORACORA;507010001;CORACORA;PSCNP_VISTA ALEGRE;M;27/02/2022;22
2023;12;UT AYACUCHO;50701;AYACUCHO;PARINACOCHAS;CORACORA;VIRGEN DE LAS NIEVES DE CORACORA;50701;AYACUCHO;PARINACOCHAS;CORACORA;507010001;CORACORA;PSCNP_VISTA ALEGRE;F;7/09/2022;15
2023;12;UT AYACUCHO;50701;AYACUCHO;PARINACOCHAS;CORACORA;VIRGEN DE LAS NIEVES DE CORACORA;50701;AYACUCHO;PARINACOCHAS;CORACORA;507010001;CORACORA;PSCNP_VISTA ALEGRE;F;4/04/2021;32
2023;12;UT AYACUCHO;50701;AYACUCHO;PARINACOCHAS;CORACORA;VIRGEN DE LAS NIEVES DE CORACORA;50701;AYACUCHO;PARINACOCHAS;CORACORA;507010001;CORACORA;PSCNP_VISTA ALEGRE;M;4/01/2021;35
2023;12;UT AYACUCHO;50701;AYACUCHO;PARINACOCHAS;CORACORA;VIRGEN DE LAS NIEVES DE CORACORA;50701;AYACUCHO;PARINACOCHAS;CORACORA;507010001;CORACORA;PSCNP_VISTA ALEGRE;M;27/06/2021;30
2023;12;UT AYACUCHO;50701;AYACUCHO;PARINACOCHAS;CORACORA;VIRGEN DE LAS NIEVES DE CORACORA;50701;AYACUCHO;PARINACOCHAS;CORACORA;507010001;CORACORA;PSCNP_VISTA ALEGRE;F;25/11/2021;25
2023;12;UT AYACUCHO;51001;AYACUCHO;VICTOR FAJARDO;HUANCAPI;VIRGEN ASUNCION DE HUANCAPI;51009;AYACUCHO;VICTOR FAJARDO;HUANCARAYLLA;510090001;HUANCARAYLLA;HUANCARAYLLA;F;8/09/2022;15
2023;12;UT AYACUCHO;51001;AYACUCHO;VICTOR FAJARDO;HUANCAPI;VIRGEN ASUNCION DE HUANCAPI;51009;AYACUCHO;VICTOR FAJARDO;HUANCARAYLLA;510090001;HUANCARAYLLA;HUANCARAYLLA;M;29/09/2022;15
2023;12;UT AYACUCHO;51001;AYACUCHO;VICTOR FAJARDO;HUANCAPI;VIRGEN ASUNCION DE HUANCAPI;51009;AYACUCHO;VICTOR FAJARDO;HUANCARAYLLA;510090001;HUANCARAYLLA;HUANCARAYLLA;F;9/12/2022;12
2023;12;UT AYACUCHO;51001;AYACUCHO;VICTOR FAJARDO;HUANCAPI;VIRGEN ASUNCION DE HUANCAPI;51009;AYACUCHO;VICTOR FAJARDO;HUANCARAYLLA;510090001;HUANCARAYLLA;HUANCARAYLLA;M;18/01/2023;11
2023;12;UT AYACUCHO;51001;AYACUCHO;VICTOR FAJARDO;HUANCAPI;VIRGEN ASUNCION DE HUANCAPI;51009;AYACUCHO;VICTOR FAJARDO;HUANCARAYLLA;510090001;HUANCARAYLLA;HUANCARAYLLA;M;27/08/2021;28
2023;12;UT AYACUCHO;51001;AYACUCHO;VICTOR FAJARDO;HUANCAPI;VIRGEN ASUNCION DE HUANCAPI;51009;AYACUCHO;VICTOR FAJARDO;HUANCARAYLLA;510090001;HUANCARAYLLA;HUANCARAYLLA;M;15/09/2021;27
2023;12;UT AYACUCHO;51001;AYACUCHO;VICTOR FAJARDO;HUANCAPI;VIRGEN ASUNCION DE HUANCAPI;51009;AYACUCHO;VICTOR FAJARDO;HUANCARAYLLA;510090001;HUANCARAYLLA;HUANCARAYLLA;F;5/04/2021;32
2023;12;UT AYACUCHO;51001;AYACUCHO;VICTOR FAJARDO;HUANCAPI;VIRGEN ASUNCION DE HUANCAPI;51009;AYACUCHO;VICTOR FAJARDO;HUANCARAYLLA;510090001;HUANCARAYLLA;HUANCARAYLLA;F;22/10/2021;26
2023;12;UT AYACUCHO;51001;AYACUCHO;VICTOR FAJARDO;HUANCAPI;VIRGEN ASUNCION DE HUANCAPI;51009;AYACUCHO;VICTOR FAJARDO;HUANCARAYLLA;510090001;HUANCARAYLLA;HUANCARAYLLA;M;9/12/2020;36
2023;12;UT AYACUCHO;51001;AYACUCHO;VICTOR FAJARDO;HUANCAPI;VIRGEN ASUNCION DE HUANCAPI;51009;AYACUCHO;VICTOR FAJARDO;HUANCARAYLLA;510090001;HUANCARAYLLA;HUANCARAYLLA;F;27/11/2021;25
2023;12;UT AYACUCHO;51001;AYACUCHO;VICTOR FAJARDO;HUANCAPI;VIRGEN ASUNCION DE HUANCAPI;51009;AYACUCHO;VICTOR FAJARDO;HUANCARAYLLA;510090001;HUANCARAYLLA;HUANCARAYLLA;M;10/01/2022;23
2023;12;UT AYACUCHO;51001;AYACUCHO;VICTOR FAJARDO;HUANCAPI;VIRGEN ASUNCION DE HUANCAPI;51009;AYACUCHO;VICTOR FAJARDO;HUANCARAYLLA;510090001;HUANCARAYLLA;HUANCARAYLLA;M;19/10/2021;26
2023;12;UT AYACUCHO;51001;AYACUCHO;VICTOR FAJARDO;HUANCAPI;VIRGEN ASUNCION DE HUANCAPI;51009;AYACUCHO;VICTOR FAJARDO;HUANCARAYLLA;510090001;HUANCARAYLLA;HUANCARAYLLA;F;18/12/2020;36
2023;12;UT AYACUCHO;51001;AYACUCHO;VICTOR FAJARDO;HUANCAPI;VIRGEN ASUNCION DE HUANCAPI;51009;AYACUCHO;VICTOR FAJARDO;HUANCARAYLLA;510090001;HUANCARAYLLA;HUANCARAYLLA;M;13/01/2021;35
2023;12;UT AYACUCHO;51010;AYACUCHO;VICTOR FAJARDO;HUAYA;SAN MIGUEL DE HUALLA;51010;AYACUCHO;VICTOR FAJARDO;HUALLA;510100001;SAN PEDRO DE HUALLA;LOCAL COMUNAL SAN PABLO II;M;18/03/2021;33
2023;12;UT AYACUCHO;51010;AYACUCHO;VICTOR FAJARDO;HUAYA;SAN MIGUEL DE HUALLA;51010;AYACUCHO;VICTOR FAJARDO;HUALLA;510100001;SAN PEDRO DE HUALLA;LOCAL COMUNAL HUALLA II;M;26/02/2021;34
2023;12;UT AYACUCHO;51010;AYACUCHO;VICTOR FAJARDO;HUAYA;SAN MIGUEL DE HUALLA;51010;AYACUCHO;VICTOR FAJARDO;HUALLA;510100001;SAN PEDRO DE HUALLA;LOCAL COMUNAL HUALLA II;M;5/06/2021;30
2023;12;UT AYACUCHO;51010;AYACUCHO;VICTOR FAJARDO;HUAYA;SAN MIGUEL DE HUALLA;51010;AYACUCHO;VICTOR FAJARDO;HUALLA;510100001;SAN PEDRO DE HUALLA;LOCAL COMUNAL HUALLA II;M;8/09/2021;27
2023;12;UT AYACUCHO;51010;AYACUCHO;VICTOR FAJARDO;HUAYA;SAN MIGUEL DE HUALLA;51010;AYACUCHO;VICTOR FAJARDO;HUALLA;510100001;SAN PEDRO DE HUALLA;LOCAL COMUNAL HUALLA II;M;22/11/2021;25
2023;12;UT AYACUCHO;51010;AYACUCHO;VICTOR FAJARDO;HUAYA;SAN MIGUEL DE HUALLA;51010;AYACUCHO;VICTOR FAJARDO;HUALLA;510100001;SAN PEDRO DE HUALLA;LOCAL COMUNAL HUALLA II;F;9/03/2021;33
2023;12;UT AYACUCHO;51010;AYACUCHO;VICTOR FAJARDO;HUAYA;SAN MIGUEL DE HUALLA;51010;AYACUCHO;VICTOR FAJARDO;HUALLA;510100001;SAN PEDRO DE HUALLA;LOCAL COMUNAL HUALLA II;F;18/03/2021;33
2023;12;UT AYACUCHO;51010;AYACUCHO;VICTOR FAJARDO;HUAYA;SAN MIGUEL DE HUALLA;51010;AYACUCHO;VICTOR FAJARDO;HUALLA;510100001;SAN PEDRO DE HUALLA;LOCAL COMUNAL HUALLA II;F;23/09/2021;27
2023;12;UT AYACUCHO;51010;AYACUCHO;VICTOR FAJARDO;HUAYA;SAN MIGUEL DE HUALLA;51010;AYACUCHO;VICTOR FAJARDO;HUALLA;510100001;SAN PEDRO DE HUALLA;LOCAL COMUNAL HUALLA II;F;7/12/2020;36
2023;12;UT AYACUCHO;51010;AYACUCHO;VICTOR FAJARDO;HUAYA;SAN MIGUEL DE HUALLA;51010;AYACUCHO;VICTOR FAJARDO;HUALLA;510100001;SAN PEDRO DE HUALLA;LOCAL COMUNAL HUALLA II;F;1/03/2021;33
2023;12;UT AYACUCHO;51010;AYACUCHO;VICTOR FAJARDO;HUAYA;SAN MIGUEL DE HUALLA;51010;AYACUCHO;VICTOR FAJARDO;HUALLA;510100001;SAN PEDRO DE HUALLA;LOCAL COMUNAL HUALLA II;M;11/01/2022;23
2023;12;UT AYACUCHO;51010;AYACUCHO;VICTOR FAJARDO;HUAYA;SAN MIGUEL DE HUALLA;51010;AYACUCHO;VICTOR FAJARDO;HUALLA;510100001;SAN PEDRO DE HUALLA;LOCAL COMUNAL HUALLA II;F;27/05/2021;31
2023;12;UT AYACUCHO;51010;AYACUCHO;VICTOR FAJARDO;HUAYA;SAN MIGUEL DE HUALLA;50901;AYACUCHO;SUCRE;QUEROBAMBA;509019901;BARRIOPAMPA;PSCNP_LOCAL COMUNAL BARRIO PAMPA;M;4/12/2021;24
2023;12;UT AYACUCHO;51010;AYACUCHO;VICTOR FAJARDO;HUAYA;SAN MIGUEL DE HUALLA;50901;AYACUCHO;SUCRE;QUEROBAMBA;509019901;BARRIOPAMPA;PSCNP_LOCAL COMUNAL BARRIO PAMPA;M;4/08/2021;28
2023;12;UT AYACUCHO;51010;AYACUCHO;VICTOR FAJARDO;HUAYA;SAN MIGUEL DE HUALLA;50901;AYACUCHO;SUCRE;QUEROBAMBA;509019901;BARRIOPAMPA;PSCNP_LOCAL COMUNAL BARRIO PAMPA;F;4/04/2022;20
2023;12;UT VRAEM;50508;AYACUCHO;LA MAR;TAMBO;TAMBO;50508;AYACUCHO;LA MAR;TAMBO;505080044;VISTA ALEGRE;URPICHA DE ORO;F;20/02/2023;10
2023;12;UT VRAEM;50508;AYACUCHO;LA MAR;TAMBO;TAMBO;50508;AYACUCHO;LA MAR;TAMBO;505080044;VISTA ALEGRE;URPICHA DE ORO;M;20/08/2022;16
2023;12;UT LIMA METROPOLITANA;150103;LIMA;LIMA;ATE;WARMICUNA;150103;LIMA;LIMA;ATE;1501030001;VITARTE;PSCNP_EXCD_LUCERITOS;M;25/12/2022;12
2023;12;UT VRAEM;50508;AYACUCHO;LA MAR;TAMBO;TAMBO;50508;AYACUCHO;LA MAR;TAMBO;505080044;VISTA ALEGRE;URPICHA DE ORO;M;18/08/2022;16
2023;12;UT VRAEM;50508;AYACUCHO;LA MAR;TAMBO;TAMBO;50508;AYACUCHO;LA MAR;TAMBO;505080044;VISTA ALEGRE;URPICHA DE ORO;M;22/02/2023;10
2023;12;UT VRAEM;50508;AYACUCHO;LA MAR;TAMBO;TAMBO;50508;AYACUCHO;LA MAR;TAMBO;505080044;VISTA ALEGRE;URPICHA DE ORO;M;12/01/2023;11
2023;12;UT LIMA METROPOLITANA;150103;LIMA;LIMA;ATE;WARMICUNA;150103;LIMA;LIMA;ATE;1501030001;VITARTE;PSCNP_EXCD_LUCERITOS;M;16/10/2022;14
2023;12;UT VRAEM;50508;AYACUCHO;LA MAR;TAMBO;TAMBO;50508;AYACUCHO;LA MAR;TAMBO;505080044;VISTA ALEGRE;URPICHA DE ORO;M;22/01/2023;11
2023;12;UT VRAEM;50508;AYACUCHO;LA MAR;TAMBO;TAMBO;50508;AYACUCHO;LA MAR;TAMBO;505080044;VISTA ALEGRE;URPICHA DE ORO;M;20/03/2023;9
2023;12;UT VRAEM;50508;AYACUCHO;LA MAR;TAMBO;TAMBO;50508;AYACUCHO;LA MAR;TAMBO;505080044;VISTA ALEGRE;URPICHA DE ORO;F;14/11/2022;13
2023;12;UT VRAEM;50509;AYACUCHO;LA MAR;SAMUGARI;SAMUGARI;50509;AYACUCHO;LA MAR;SAMUGARI;505090001;PALMAPAMPA;TRP_SAMUGARI;F;16/01/2023;11
2023;12;UT VRAEM;50509;AYACUCHO;LA MAR;SAMUGARI;SAMUGARI;50509;AYACUCHO;LA MAR;SAMUGARI;505090001;PALMAPAMPA;TRP_SAMUGARI;F;9/09/2022;15
2023;12;UT VRAEM;50509;AYACUCHO;LA MAR;SAMUGARI;SAMUGARI;50509;AYACUCHO;LA MAR;SAMUGARI;505090001;PALMAPAMPA;TRP_SAMUGARI;F;24/05/2023;7
2023;12;UT VRAEM;50509;AYACUCHO;LA MAR;SAMUGARI;SAMUGARI;50509;AYACUCHO;LA MAR;SAMUGARI;505090001;PALMAPAMPA;TRP_SAMUGARI;M;17/11/2022;13
2023;12;UT VRAEM;50509;AYACUCHO;LA MAR;SAMUGARI;SAMUGARI;50509;AYACUCHO;LA MAR;SAMUGARI;505090001;PALMAPAMPA;TRP_SAMUGARI;F;17/10/2022;14
2023;12;UT VRAEM;50509;AYACUCHO;LA MAR;SAMUGARI;SAMUGARI;50509;AYACUCHO;LA MAR;SAMUGARI;505090001;PALMAPAMPA;TRP_SAMUGARI;M;13/07/2022;17
2023;12;UT VRAEM;50509;AYACUCHO;LA MAR;SAMUGARI;SAMUGARI;50509;AYACUCHO;LA MAR;SAMUGARI;505090001;PALMAPAMPA;TRP_SAMUGARI;M;1/04/2023;8
2023;12;UT VRAEM;50509;AYACUCHO;LA MAR;SAMUGARI;SAMUGARI;50509;AYACUCHO;LA MAR;SAMUGARI;505090001;PALMAPAMPA;TRP_SAMUGARI;F;24/10/2022;14
2023;12;UT AYACUCHO;50601;AYACUCHO;LUCANAS;PUQUIO;VISTA ALEGRE DE PUQUIO;50601;AYACUCHO;LUCANAS;PUQUIO;506010001;PUQUIO;PSCNP_LOS PUQUIANITOS;F;6/06/2022;18
2023;12;UT AYACUCHO;50601;AYACUCHO;LUCANAS;PUQUIO;VISTA ALEGRE DE PUQUIO;50601;AYACUCHO;LUCANAS;PUQUIO;506010001;PUQUIO;PSCNP_LOS PUQUIANITOS;F;26/04/2023;8
2023;12;UT AYACUCHO;50601;AYACUCHO;LUCANAS;PUQUIO;VISTA ALEGRE DE PUQUIO;50601;AYACUCHO;LUCANAS;PUQUIO;506010001;PUQUIO;PSCNP_LOS PUQUIANITOS;F;8/04/2021;32
2023;12;UT AYACUCHO;50601;AYACUCHO;LUCANAS;PUQUIO;VISTA ALEGRE DE PUQUIO;50601;AYACUCHO;LUCANAS;PUQUIO;506010001;PUQUIO;PSCNP_LOS PUQUIANITOS;M;26/01/2023;11
2023;12;UT AYACUCHO;50601;AYACUCHO;LUCANAS;PUQUIO;VISTA ALEGRE DE PUQUIO;50601;AYACUCHO;LUCANAS;PUQUIO;506010001;PUQUIO;PSCNP_LOS PUQUIANITOS;M;20/03/2021;33
2023;12;UT AYACUCHO;50601;AYACUCHO;LUCANAS;PUQUIO;VISTA ALEGRE DE PUQUIO;50601;AYACUCHO;LUCANAS;PUQUIO;506010001;PUQUIO;PSCNP_LOS PUQUIANITOS;F;17/12/2021;24
2023;12;UT AYACUCHO;50601;AYACUCHO;LUCANAS;PUQUIO;VISTA ALEGRE DE PUQUIO;50601;AYACUCHO;LUCANAS;PUQUIO;506010001;PUQUIO;PSCNP_LOS PUQUIANITOS;F;18/11/2022;13
2023;12;UT AYACUCHO;50601;AYACUCHO;LUCANAS;PUQUIO;VISTA ALEGRE DE PUQUIO;50601;AYACUCHO;LUCANAS;PUQUIO;506010001;PUQUIO;PSCNP_LOS PUQUIANITOS;F;18/04/2023;8
2023;12;UT AYACUCHO;50601;AYACUCHO;LUCANAS;PUQUIO;VISTA ALEGRE DE PUQUIO;50601;AYACUCHO;LUCANAS;PUQUIO;506010001;PUQUIO;PSCNP_LOS PUQUIANITOS;F;15/12/2020;36
2023;12;UT AYACUCHO;50601;AYACUCHO;LUCANAS;PUQUIO;VISTA ALEGRE DE PUQUIO;50601;AYACUCHO;LUCANAS;PUQUIO;506010001;PUQUIO;PSCNP_LOS PUQUIANITOS;F;23/10/2022;14
2023;12;UT AYACUCHO;50601;AYACUCHO;LUCANAS;PUQUIO;VISTA ALEGRE DE PUQUIO;50601;AYACUCHO;LUCANAS;PUQUIO;506010001;PUQUIO;PSCNP_LOS PUQUIANITOS;M;17/02/2021;34
2023;12;UT AYACUCHO;50601;AYACUCHO;LUCANAS;PUQUIO;VISTA ALEGRE DE PUQUIO;50601;AYACUCHO;LUCANAS;PUQUIO;506010001;PUQUIO;PSCNP_LOS PUQUIANITOS;M;18/04/2022;20
2023;12;UT AYACUCHO;50601;AYACUCHO;LUCANAS;PUQUIO;SEÑOR DE LA EXALTACION;50601;AYACUCHO;LUCANAS;PUQUIO;506010001;PUQUIO;PUQUIO;M;2/10/2021;26
2023;12;UT AYACUCHO;50601;AYACUCHO;LUCANAS;PUQUIO;SEÑOR DE LA EXALTACION;50601;AYACUCHO;LUCANAS;PUQUIO;506010001;PUQUIO;PUQUIO;F;31/01/2021;35
